classifier,grade strategy,selection,crossover,mutation,best_ind,best_ind.fitness.values,mean,std,all params
svc,min,best,one_point,shuffle_indexes,"['sigmoid', 79.13922796580084, 4.789631009365616, 0.5683365794634418, 1.453044089597237, 1, 1, 1, 1, 0, 1, 1, 0, 1, 0, 1, 0, 0, 1, 0, 0, 1, 0, 0, 0, 0, 0, 1, 0, 1, 0, 0, 1, 1, 0, 1, 0, 1, 0, 1, 0, 0, 1, 0, 1, 0, 1, 0, 0, 1, 0, 0, 1, 0, 0, 1, 1]","(0.6963387978142077,)",0.7532333333333342,0.060802159977145206,"Classifier: svc, Grade strategy: min, Selection: best, Crossover: one_point, Mutation: shuffle_indexes, Size population: 100, Probability mutation: 0.2, Probability crossover: 0.8, Number iteration: 100 "
classifier,grade strategy,selection,crossover,mutation,best_ind,best_ind.fitness.values,mean,std,all params
k_neighbors_classifier,min,best,one_point,shuffle_indexes,"[2, 'uniform', 'auto', 63, 2, 1, 1, 1, 1, 1, 0, 1, 1, 1, 1, 1, 1, 0, 0, 0, 1, 1, 1, 0, 1, 0, 0, 0, 1, 0, 1, 0, 0, 0, 0, 1, 0, 0, 0, 0, 1, 1, 1, 1, 0, 0, 1, 0, 0, 1, 0, 1, 0, 1, 0, 0, 0]","(0.6967683479311386,)",0.7471919359710071,0.045585204473532225,"Classifier: k_neighbors_classifier, Grade strategy: min, Selection: best, Crossover: one_point, Mutation: shuffle_indexes, Size population: 100, Probability mutation: 0.2, Probability crossover: 0.8, Number iteration: 100 "
classifier,grade strategy,selection,crossover,mutation,best_ind,best_ind.fitness.values,mean,std,all params
extra_tree_classifier,min,best,one_point,shuffle_indexes,"['gini', 'best', 9, 7, 4, 0.08878758900003542, 'log2', 1, 0, 0, 0, 0, 1, 1, 0, 0, 1, 0, 1, 0, 0, 0, 1, 1, 0, 1, 0, 1, 0, 1, 1, 0, 0, 0, 0, 1, 0, 0, 1, 0, 1, 1, 1, 1, 0, 0, 0, 0, 1, 1, 0, 0, 1, 1, 1, 1, 0, 0, 0]","(0.6766837813349441,)",0.726041603745091,0.04088241210088136,"Classifier: extra_tree_classifier, Grade strategy: min, Selection: best, Crossover: one_point, Mutation: shuffle_indexes, Size population: 100, Probability mutation: 0.2, Probability crossover: 0.8, Number iteration: 100 "
classifier,grade strategy,selection,crossover,mutation,best_ind,best_ind.fitness.values,mean,std,all params
decision_tree_classifier,min,best,one_point,shuffle_indexes,"['gini', 'best', 4, 9, 5, 0.06229359303876342, 'log2', 0, 0, 1, 1, 0, 1, 0, 0, 1, 0, 1, 1, 0, 0, 1, 1, 1, 0, 1, 1, 1, 1, 1, 0, 0, 0, 0, 1, 1, 1, 0, 1, 0, 0, 1, 1, 1, 0, 1, 1, 0, 1, 1, 1, 0, 0, 1, 0, 1, 0, 0, 1]","(0.6467834491090304,)",0.7202151917849575,0.04670713878689035,"Classifier: decision_tree_classifier, Grade strategy: min, Selection: best, Crossover: one_point, Mutation: shuffle_indexes, Size population: 100, Probability mutation: 0.2, Probability crossover: 0.8, Number iteration: 100 "
classifier,grade strategy,selection,crossover,mutation,best_ind,best_ind.fitness.values,mean,std,all params
classifier,grade strategy,selection,crossover,mutation,best_ind,best_ind.fitness.values,mean,std,all params
random_forrest_classifier,min,best,one_point,shuffle_indexes,"[63, 'entropy', 27, 45, 31, 0.33578218420295375, 'log2', 49, 1, 0, 0, 1, 1, 0, 1, 1, 0, 1, 0, 1, 0, 0, 1, 0, 1, 0, 1, 1, 0, 1, 0, 1, 1, 1, 0, 1, 0, 0, 1, 1, 1, 1, 1, 0, 0, 1, 0, 0, 0, 1, 0, 0, 0, 1, 1, 1, 0, 1, 0, 1]","(0.7128947368421052,)",0.7170570175438582,0.01693756321671548,"Classifier: random_forrest_classifier, Grade strategy: min, Selection: best, Crossover: one_point, Mutation: shuffle_indexes, Size population: 30, Probability mutation: 0.2, Probability crossover: 0.8, Number iteration: 100 "
