classifier,grade strategy,selection,crossover,mutation,best_ind,best_ind.fitness.values,mean,std,all params
svc,min,best,one_point,shuffle_indexes,"['sigmoid', 79.13922796580084, 4.789631009365616, 0.5683365794634418, 1.453044089597237, 1, 1, 1, 1, 0, 1, 1, 0, 1, 0, 1, 0, 0, 1, 0, 0, 1, 0, 0, 0, 0, 0, 1, 0, 1, 0, 0, 1, 1, 0, 1, 0, 1, 0, 1, 0, 0, 1, 0, 1, 0, 1, 0, 0, 1, 0, 0, 1, 0, 0, 1, 1]","(0.6963387978142077,)",0.7532333333333342,0.060802159977145206,"Classifier: svc, Grade strategy: min, Selection: best, Crossover: one_point, Mutation: shuffle_indexes, Size population: 100, Probability mutation: 0.2, Probability crossover: 0.8, Number iteration: 100 "
classifier,grade strategy,selection,crossover,mutation,best_ind,best_ind.fitness.values,mean,std,all params
k_neighbors_classifier,min,best,one_point,shuffle_indexes,"[2, 'uniform', 'auto', 63, 2, 1, 1, 1, 1, 1, 0, 1, 1, 1, 1, 1, 1, 0, 0, 0, 1, 1, 1, 0, 1, 0, 0, 0, 1, 0, 1, 0, 0, 0, 0, 1, 0, 0, 0, 0, 1, 1, 1, 1, 0, 0, 1, 0, 0, 1, 0, 1, 0, 1, 0, 0, 0]","(0.6967683479311386,)",0.7471919359710071,0.045585204473532225,"Classifier: k_neighbors_classifier, Grade strategy: min, Selection: best, Crossover: one_point, Mutation: shuffle_indexes, Size population: 100, Probability mutation: 0.2, Probability crossover: 0.8, Number iteration: 100 "
classifier,grade strategy,selection,crossover,mutation,best_ind,best_ind.fitness.values,mean,std,all params
extra_tree_classifier,min,best,one_point,shuffle_indexes,"['gini', 'best', 9, 7, 4, 0.08878758900003542, 'log2', 1, 0, 0, 0, 0, 1, 1, 0, 0, 1, 0, 1, 0, 0, 0, 1, 1, 0, 1, 0, 1, 0, 1, 1, 0, 0, 0, 0, 1, 0, 0, 1, 0, 1, 1, 1, 1, 0, 0, 0, 0, 1, 1, 0, 0, 1, 1, 1, 1, 0, 0, 0]","(0.6766837813349441,)",0.726041603745091,0.04088241210088136,"Classifier: extra_tree_classifier, Grade strategy: min, Selection: best, Crossover: one_point, Mutation: shuffle_indexes, Size population: 100, Probability mutation: 0.2, Probability crossover: 0.8, Number iteration: 100 "
classifier,grade strategy,selection,crossover,mutation,best_ind,best_ind.fitness.values,mean,std,all params
decision_tree_classifier,min,best,one_point,shuffle_indexes,"['gini', 'best', 4, 9, 5, 0.06229359303876342, 'log2', 0, 0, 1, 1, 0, 1, 0, 0, 1, 0, 1, 1, 0, 0, 1, 1, 1, 0, 1, 1, 1, 1, 1, 0, 0, 0, 0, 1, 1, 1, 0, 1, 0, 0, 1, 1, 1, 0, 1, 1, 0, 1, 1, 1, 0, 0, 1, 0, 1, 0, 0, 1]","(0.6467834491090304,)",0.7202151917849575,0.04670713878689035,"Classifier: decision_tree_classifier, Grade strategy: min, Selection: best, Crossover: one_point, Mutation: shuffle_indexes, Size population: 100, Probability mutation: 0.2, Probability crossover: 0.8, Number iteration: 100 "
classifier,grade strategy,selection,crossover,mutation,best_ind,best_ind.fitness.values,mean,std,all params
classifier,grade strategy,selection,crossover,mutation,best_ind,best_ind.fitness.values,mean,std,all params
random_forrest_classifier,min,best,one_point,shuffle_indexes,"[63, 'entropy', 27, 45, 31, 0.33578218420295375, 'log2', 49, 1, 0, 0, 1, 1, 0, 1, 1, 0, 1, 0, 1, 0, 0, 1, 0, 1, 0, 1, 1, 0, 1, 0, 1, 1, 1, 0, 1, 0, 0, 1, 1, 1, 1, 1, 0, 0, 1, 0, 0, 0, 1, 0, 0, 0, 1, 1, 1, 0, 1, 0, 1]","(0.7128947368421052,)",0.7170570175438582,0.01693756321671548,"Classifier: random_forrest_classifier, Grade strategy: min, Selection: best, Crossover: one_point, Mutation: shuffle_indexes, Size population: 30, Probability mutation: 0.2, Probability crossover: 0.8, Number iteration: 100 "
classifier,grade strategy,selection,crossover,mutation,best_ind,best_ind.fitness.values,mean,std,all params
random_forrest_classifier,min,best,one_point,shuffle_indexes,"[22, 'entropy', 44, 16, 46, 0.10010740380581423, 'auto', 18, 1, 1, 0, 1, 0, 0, 0, 0, 1, 0, 0, 1, 1, 0, 1, 0, 0, 1, 0, 0, 1, 0, 0, 1, 1, 0, 1, 1, 0, 1, 0, 0, 0, 0, 0, 0, 1, 0, 1, 0, 1, 0, 0, 0, 0, 0, 0, 1, 0, 1, 0, 1]","(0.7128947368421052,)",0.7224616228070178,0.025296366201398378,"Classifier: random_forrest_classifier, Grade strategy: min, Selection: best, Crossover: one_point, Mutation: shuffle_indexes, Size population: 20, Probability mutation: 0.2, Probability crossover: 0.8, Number iteration: 20 "
classifier,grade strategy,selection,crossover,mutation,best_ind,best_ind.fitness.values,mean,std,all params
svc,min,best,one_point,shuffle_indexes,"['sigmoid', 74.1881089113972, 3.5504981881395064, 0.83228427931273, 0.18219262274246675, 0, 1, 0, 1, 0, 0, 0, 0, 1, 0, 0, 0, 1, 1, 1, 1, 1, 0, 1, 0, 0, 1, 1, 1, 0, 1, 1, 0, 0, 0, 1, 1, 0, 1, 1, 0, 0, 0, 1, 0, 1, 0, 1, 0, 0, 0, 1, 0, 0, 0, 1, 1]","(0.6596721311475411,)",0.7263431693989074,0.06214529767593787,"Classifier: svc, Grade strategy: min, Selection: best, Crossover: one_point, Mutation: shuffle_indexes, Size population: 100, Probability mutation: 0.2, Probability crossover: 0.8, Number iteration: 100 "
classifier,grade strategy,selection,crossover,mutation,best_ind,best_ind.fitness.values,mean,std,all params
extra_tree_classifier,min,best,one_point,shuffle_indexes,"['gini', 'best', 10, 4, 1, 0.08055511148754335, 'log2', 1, 0, 1, 0, 0, 0, 1, 1, 1, 1, 1, 1, 1, 0, 0, 1, 0, 1, 0, 0, 1, 1, 0, 0, 0, 0, 0, 0, 0, 0, 1, 1, 0, 1, 0, 1, 1, 1, 1, 0, 1, 0, 1, 0, 0, 1, 1, 1, 1, 0, 1, 1]","(0.6538810027182118,)",0.7116241316822702,0.03504052433768396,"Classifier: extra_tree_classifier, Grade strategy: min, Selection: best, Crossover: one_point, Mutation: shuffle_indexes, Size population: 100, Probability mutation: 0.2, Probability crossover: 0.8, Number iteration: 100 "
classifier,grade strategy,selection,crossover,mutation,best_ind,best_ind.fitness.values,mean,std,all params
decision_tree_classifier,min,best,one_point,shuffle_indexes,"['gini', 'best', 7, 4, 2, 0.04511672566352687, 'log2', 0, 0, 0, 0, 0, 1, 1, 0, 1, 0, 1, 0, 0, 0, 1, 1, 1, 1, 1, 1, 0, 1, 1, 0, 1, 0, 1, 0, 0, 1, 0, 0, 0, 0, 0, 0, 0, 1, 1, 1, 0, 1, 1, 1, 0, 0, 1, 1, 1, 1, 1, 1]","(0.6531259438236182,)",0.716081244337057,0.039638725244065455,"Classifier: decision_tree_classifier, Grade strategy: min, Selection: best, Crossover: one_point, Mutation: shuffle_indexes, Size population: 100, Probability mutation: 0.2, Probability crossover: 0.8, Number iteration: 100 "
classifier,grade strategy,selection,crossover,mutation,best_ind,best_ind.fitness.values,mean,std,all params
decision_tree_classifier,max,best,one_point,shuffle_indexes,"['gini', 'random', 3, 6, 10, 0.043080066457953814, 'log2', 1, 1, 0, 0, 0, 1, 1, 1, 1, 0, 1, 1, 0, 1, 0, 1, 0, 1, 1, 1, 1, 1, 0, 0, 0, 0, 0, 0, 1, 1, 0, 0, 1, 1, 1, 1, 0, 1, 1, 1, 0, 1, 1, 1, 1, 0, 0, 0, 0, 0, 1, 0]","(0.8382663847780126,)",0.7513447598912691,0.05046105614911831,"Classifier: decision_tree_classifier, Grade strategy: max, Selection: best, Crossover: one_point, Mutation: shuffle_indexes, Size population: 100, Probability mutation: 0.2, Probability crossover: 0.8, Number iteration: 100 "
classifier,grade strategy,selection,crossover,mutation,best_ind,best_ind.fitness.values,mean,std,all params
svc,max,best,one_point,shuffle_indexes,"['linear', 4.794904689490731, 0.370766835173045, 4.376580356077387, 5.421158962556568, 0, 1, 0, 1, 0, 1, 1, 1, 1, 0, 1, 1, 1, 1, 1, 1, 0, 0, 1, 0, 1, 1, 0, 0, 1, 1, 0, 0, 1, 1, 0, 1, 1, 1, 1, 0, 1, 1, 0, 0, 0, 1, 1, 1, 1, 0, 1, 1, 0, 1, 1, 0]","(0.8812021857923498,)",0.8087346994535491,0.06929145786665913,"Classifier: svc, Grade strategy: max, Selection: best, Crossover: one_point, Mutation: shuffle_indexes, Size population: 100, Probability mutation: 0.2, Probability crossover: 0.8, Number iteration: 100 "
classifier,grade strategy,selection,crossover,mutation,best_ind,best_ind.fitness.values,mean,std,all params
k_neighbors_classifier,max,best,one_point,shuffle_indexes,"[10, 'distance', 'ball_tree', 17, 3, 0, 0, 1, 1, 1, 0, 0, 1, 0, 1, 1, 1, 1, 0, 1, 1, 1, 1, 1, 0, 0, 0, 1, 1, 0, 1, 1, 0, 1, 0, 1, 1, 1, 0, 1, 0, 0, 0, 0, 0, 0, 1, 1, 0, 0, 0, 1, 0, 1, 0, 1, 1]","(0.8253548776804589,)",0.8008267894895803,0.025636289661709763,"Classifier: k_neighbors_classifier, Grade strategy: max, Selection: best, Crossover: one_point, Mutation: shuffle_indexes, Size population: 100, Probability mutation: 0.2, Probability crossover: 0.8, Number iteration: 100 "
classifier,grade strategy,selection,crossover,mutation,best_ind,best_ind.fitness.values,mean,std,all params
random_forrest_classifier,max,best,one_point,shuffle_indexes,"[17, 'gini', 15, 20, 6, 0.08220822520709087, 'auto', 12, 0, 1, 0, 1, 1, 0, 0, 1, 1, 1, 1, 0, 1, 1, 0, 1, 1, 0, 0, 0, 0, 0, 0, 0, 1, 0, 1, 1, 0, 1, 0, 1, 1, 1, 0, 1, 0, 0, 0, 0, 1, 0, 1, 0, 1, 0, 1, 1, 1, 1, 0, 0]","(0.8284649122807018,)",0.7662214912280704,0.047832591692923476,"Classifier: random_forrest_classifier, Grade strategy: max, Selection: best, Crossover: one_point, Mutation: shuffle_indexes, Size population: 20, Probability mutation: 0.2, Probability crossover: 0.8, Number iteration: 20 "
